variable_name,official_dhs_label,domain,data_type,unit,implied_decimal_scaling,value_categorical_codes,missing_special_codes,valid_observations_count,missing_observations_count,role,explanation,ml_usable,decision_reason
hw70,height/age standard deviation (new who),Child Anthropometry,float64,Standard Deviations (SD),2 implied decimals (divide by 100),9996=Height out of plausible limits; 9997=Age in days out of plausible limits; 9998=Flagged cases,"9996=Height out of limits, 9997=Age out of limits, 9998=WHO Flagged, NaN=Missing",211089,21831,candidate target,Height-for-age standard deviation calculated against the WHO 2006 Child Growth Standards. Used to classify stunting.,Yes (Target only),Primary candidate target for stunting prediction. HAZ < -2.00 SD indicates moderate stunting; < -3.00 SD indicates severe stunting.
hw71,weight/age standard deviation (new who),Child Anthropometry,float64,Standard Deviations (SD),2 implied decimals (divide by 100),9996=Height out of plausible limits; 9997=Age in days out of plausible limits; 9998=Flagged cases,"9996=Height out of limits, 9997=Age out of limits, 9998=WHO Flagged, NaN=Missing",211684,21236,candidate target,Weight-for-age standard deviation calculated against the WHO 2006 Child Growth Standards. Used to classify underweight.,Yes (Target only),Primary candidate target for underweight prediction. WAZ < -2.00 SD indicates moderate underweight; < -3.00 SD indicates severe underweight.
hw72,weight/height standard deviation (new who),Child Anthropometry,float64,Standard Deviations (SD),2 implied decimals (divide by 100),9996=Height out of plausible limits; 9997=Age in days out of plausible limits; 9998=Flagged cases,"9996=Height out of limits, 9997=Age out of limits, 9998=WHO Flagged, NaN=Missing",214531,18389,candidate target,Weight-for-height standard deviation calculated against the WHO 2006 Child Growth Standards. Used to classify acute wasting.,Yes (Target only),Primary candidate target for acute wasting prediction. WHZ < -2.00 SD indicates moderate wasting; < -3.00 SD indicates severe acute wasting.
hw73,bmi standard deviation (new who),Child Anthropometry,float64,Standard Deviations (SD),2 implied decimals (divide by 100),9996=Height out of plausible limits; 9997=Age in days out of plausible limits; 9998=Flagged cases,"9996=Height out of limits, 9997=Age out of limits, 9998=WHO Flagged, NaN=Missing",211003,21917,candidate target,Body Mass Index (BMI) standard deviation calculated against the WHO 2006 Child Growth Standards.,Yes (Alternative Target),Evaluated as alternative or secondary indicator for acute malnutrition and severe thinness.
hw2,child's weight in kilograms (1 decimal),Child Anthropometry,float64,Kilograms (kg),1 implied decimal (divide by 10),9994=Not present; 9995=Refused; 9996=Other,"9994=Present but not measured, 9995=Refused, 9996=Other, NaN=Missing",218039,14881,potential leakage variable,Direct child weight in kilograms measured using SECA digital scale.,No (Leakage for WHZ/WAZ),Direct input to WAZ and WHZ calculations; strictly excluded from feature set in non-clinical pre-screening models to prevent target leakage.
hw3,child's height in centimeters (1 decimal),Child Anthropometry,float64,Centimeters (cm),1 implied decimal (divide by 10),9994=Not present; 9995=Refused; 9996=Other,"9994=Present but not measured, 9995=Refused, 9996=Other, NaN=Missing",217564,15356,potential leakage variable,"Direct child height/length measured using portable measuring board (recumbent length <24 mo, standing height >=24 mo).",No (Leakage for HAZ/WHZ),Direct mathematical input to HAZ and WHZ calculations; strictly excluded to prevent trivial target leakage.
hw4,height/age percentile,Child Anthropometry,float64,Percentile,None,9998=Flagged cases,"9998=Flagged, NaN=Missing",210989,21931,potential leakage variable,Height/Age percentile according to WHO standard.,No (Target derivation),Mathematical derivative of hw70; prohibited from feature matrix.
hw5,height/age standard deviation,Child Anthropometry,float64,Standard Deviations,2 implied decimals,9998=Flagged cases,"9998=Flagged, NaN=Missing",210989,21931,potential leakage variable,Height/Age standard deviation (NCHS reference).,No (Legacy target leakage),Legacy NCHS standard deviation; redundant and direct target leakage.
hw6,height/age percent of ref. median,Child Anthropometry,float64,Percentage (%),None,99998=Flagged cases,"9998=Flagged, NaN=Missing",210989,21931,potential leakage variable,Height/Age percent of reference median (NCHS).,No (Leakage),Mathematical derivative of height; prohibited.
hw7,weight/age percentile,Child Anthropometry,float64,Percentile,None,9998=Flagged cases,"9998=Flagged, NaN=Missing",210989,21931,potential leakage variable,Weight/Age percentile according to WHO standard.,No (Leakage),Mathematical derivative of hw71; prohibited.
hw8,weight/age standard deviation,Child Anthropometry,float64,Standard Deviations,2 implied decimals,9998=Flagged cases,"9998=Flagged, NaN=Missing",210989,21931,potential leakage variable,Weight/Age standard deviation (NCHS reference).,No (Leakage),Legacy NCHS weight-for-age SD; direct target leakage.
hw9,weight/age percent of ref. median,Child Anthropometry,float64,Percentage (%),None,99998=Flagged cases,"9998=Flagged, NaN=Missing",210989,21931,potential leakage variable,Weight/Age percent of reference median (NCHS).,No (Leakage),Mathematical derivative of weight; prohibited.
hw10,weight/height percentile,Child Anthropometry,float64,Percentile,None,9998=Flagged cases,"9998=Flagged, NaN=Missing",211130,21790,potential leakage variable,Weight/Height percentile according to WHO standard.,No (Leakage),Mathematical derivative of hw72; prohibited.
hw11,weight/height standard deviation,Child Anthropometry,float64,Standard Deviations,2 implied decimals,9998=Flagged cases,"9998=Flagged, NaN=Missing",211130,21790,potential leakage variable,Weight/Height standard deviation (NCHS reference).,No (Leakage),Legacy NCHS weight-for-height SD; direct target leakage.
hw12,weight/height percent of ref. median,Child Anthropometry,float64,Percentage (%),None,99998=Flagged cases,"9998=Flagged, NaN=Missing",211130,21790,potential leakage variable,Weight/Height percent of reference median (NCHS).,No (Leakage),Mathematical derivative of weight and height; prohibited.
hw13,result of measurement - height/weight,Child Anthropometry,float64,Categorical code,None,0=Measured; 1=Dead; 2=Sick; 3=Not present; 4=Refused; ... (8 categories),"1=Dead, 2=Sick, 3=Not present, 4=Refused, 5=Mother refused, 6=Other, 7=No measurement",232802,118,potential leakage variable,Audit result of anthropometric measurement attempt.,No (Data audit only),"Encodes whether target was measured or refused; used in Step 3 population filtering, excluded from features."
hw1,child's age in months,Child Demographics,float64,Months,None,Continuous / Numerical,NaN=Missing/Not measured,221263,11657,candidate feature,Child's exact age in completed months at the time of the survey interview.,Yes,"Core predictor. Undernutrition patterns (stunting vs wasting) vary dramatically by developmental stage (0-5, 6-23, 24-59 months)."
b4,sex of child,Child Demographics,int8,Categorical code,None,1=Male; 2=Female,"None (1=Male, 2=Female)",232920,0,candidate feature,Biological sex of the child.,Yes,Universal demographic predictor; epidemiological studies reveal consistent sex-specific disparities in malnutrition risk.
b5,child is alive,Child Demographics,int8,Binary code,None,0=No; 1=Yes,"0=No, 1=Yes",232920,0,survey-design variable,Child alive status at time of survey.,No (Eligibility filter),Mandatory population eligibility filter. Children who are deceased cannot be screened for current nutritional deficit.
b8,current age of child,Child Demographics,float64,Years,None,Continuous / Numerical,NaN=Deceased child,224218,8702,potentially derived variable,Current age of child in completed single years.,No (Coarse granularity),Coarser version of hw1 (age in months); hw1 provides superior resolution.
bord,birth order number,Child Demographics,int8,Count,None,Continuous / Numerical,None,232920,0,candidate feature,Birth order number of the child relative to mother's full birth history.,Yes,Direct predictor; higher birth order is linked with intra-household resource dilution and increased malnutrition risk.
b0,child is twin,Child Demographics,int8,Categorical code,None,0=Single birth; 1=1st of multiple; 2=2nd of multiple; 3=3rd of multiple; 4=4th of multiple; 5=5th of multiple,"0=Single, 1=Twin/Multiple",232920,0,candidate feature,"Indicator if the child was born as part of a multiple birth (twin, triplet).",Yes,"Twin births have significantly elevated risk of low birth weight, pre-term delivery, and growth faltering."
b11,preceding birth interval (months),Child Demographics,float64,Months,None,997=Inconsistent,NaN=Firstborn child,143020,89900,candidate feature,Preceding birth interval in completed months.,Yes,"Short birth spacing (<24 months) depletes maternal nutritional reserves, worsening fetal and infant growth."
m18,size of child at birth,Child Birth History,int8,Ordinal scale,None,1=Very large; 2=Larger than average; 3=Average; 4=Smaller than average; 5=Very small; 8=Don't know,"8=Don't know, 9=Missing",232920,0,candidate feature,Subjective size of child at birth reported by mother (1=Very large to 5=Very small).,Yes,"Crucial proxy for intrauterine growth restriction, especially in rural settings where digital birth scales are unavailable."
m19,birth weight in kilograms (3 decimals),Child Birth History,int16,Kilograms,3 implied decimals (divide by 1000),9996=Not weighed at birth; 9998=Don't know,"9996=Not weighed, 9998=Don't know",232920,0,candidate feature,Recorded birth weight from child immunization card or mother recall.,Yes (Subject to missingness handling),"Direct clinical indicator of Low Birth Weight (<2500g), the strongest epidemiological predictor of stunting."
hw57,anemia level,Child Health,float64,Ordinal code,None,1=Severe; 2=Moderate; 3=Mild; 4=Not anemic,NaN=Not measured,183855,49065,candidate feature,"Anemia level of child (1=Severe, 2=Moderate, 3=Mild, 4=Not anemic).",Yes (Candidate health predictor),Captures micronutrient deficiency (iron deficiency anemia) frequently comorbid with protein-energy malnutrition.
v404,currently breastfeeding,Child Feeding,int8,Binary code,None,0=No; 1=Yes,"None (0=No, 1=Yes)",232920,0,candidate feature,Child is currently being breastfed.,Yes,Protective factor against acute infections and wasting during early infancy.
m4,duration of breastfeeding,Child Feeding,float64,Months,None,"93=Ever breastfed, not currently breastfeeding; 94=Never breastfed; 95=Still breastfeeding; 96=Breastfed until died; 97=Inconsistent; 98=Don't know","93=Ever breastfed not current, 94=Never, 95=Still breastfeeding, 98=Don't know",186182,46738,candidate feature,Total duration of breastfeeding in months.,Yes,Captures adherence to WHO infant and young child feeding guidelines.
h11,had diarrhea recently,Child Morbidity,float64,Categorical code,None,"0=No; 1=Yes, last 24 hours; 2=Yes, last two weeks; 8=Don't know","0=No, 2=Yes, 8=Don't know, NaN=Deceased",224218,8702,candidate feature,Child experienced acute diarrhea in the two weeks preceding the survey.,Yes,"Severe acute enteric infection directly causes fluid loss, malabsorption, and acute wasting."
h22,had fever in last two weeks,Child Morbidity,float64,Categorical code,None,0=No; 1=Yes; 8=Don't know,"0=No, 2=Yes, 8=Don't know, NaN=Deceased",224218,8702,candidate feature,Child experienced fever in the two weeks preceding the survey.,Yes,Systemic inflammatory/infectious marker that suppresses appetite and accelerates metabolic catabolism.
h31,had cough in last two weeks,Child Morbidity,float64,Categorical code,None,"0=No; 1=Yes, last 24 hours; 2=Yes, last two weeks; 8=Don't know","0=No, 2=Yes, 8=Don't know, NaN=Deceased",224218,8702,candidate feature,Child experienced acute cough/respiratory illness in the two weeks preceding the survey.,Yes,Acute respiratory infections impair nutritional recovery and reflect household environmental vulnerability.
v012,respondent's current age,Maternal Characteristics,int8,Years,None,Continuous / Numerical,None (15 to 49),232920,0,candidate feature,Mother's current age in completed years at interview.,Yes,Maternal physiological maturity directly correlates with maternal nutrition and care practices.
v212,age of respondent at 1st birth,Maternal Characteristics,int8,Years,None,Continuous / Numerical,None,232920,0,candidate feature,Mother's age at first birth.,Yes,Adolescent pregnancy (<19 years) strongly associates with intergenerational transmission of undernutrition.
v445,body mass index,Maternal Characteristics,float64,kg/m^2,2 implied decimals (divide by 100),9998=Flagged cases,"9998=Flagged, NaN=Not measured",227010,5910,candidate feature,Mother's Body Mass Index (BMI).,Yes,Key biological predictor; maternal undernutrition (BMI < 18.5) strongly predicts child stunting and wasting.
v457,anemia level,Maternal Characteristics,float64,Ordinal code,None,1=Severe; 2=Moderate; 3=Mild; 4=Not anemic,NaN=Not measured,224383,8537,candidate feature,"Mother's anemia level (1=Severe, 2=Moderate, 3=Mild, 4=Not anemic).",Yes,Indicates maternal chronic micronutrient deficiency and household diet quality.
v106,highest educational level,Maternal Characteristics,int8,Ordinal code,None,0=No education; 1=Primary; 2=Secondary; 3=Higher,"None (0=None, 1=Primary, 2=Secondary, 3=Higher)",232920,0,candidate feature,Highest educational level attained by mother.,Yes,Major socio-behavioral predictor; maternal literacy governs health-seeking behaviors and optimal child feeding.
v701,husband/partner's education level,Maternal Characteristics,float64,Ordinal code,None,0=No education; 1=Primary; 2=Secondary; 3=Higher; 8=Don't know,"8=Don't know, 9=Missing",35581,197339,candidate feature,Husband/partner's highest educational attainment.,Yes,Paternal education determines household economic capacity and health literacy.
v714,respondent currently working,Maternal Characteristics,float64,Binary code,None,0=No; 1=Yes,"None (0=No, 1=Yes)",35622,197298,candidate feature,Mother is currently working / employed.,Yes,Reflects household dual income and maternal time allocation for child care.
m14,number of antenatal visits during pregnancy,Maternal Healthcare,float64,Visits count,None,0=No antenatal visits; 98=Don't know,"98=Don't know, NaN=Missing",176843,56077,candidate feature,Number of antenatal care (ANC) visits during pregnancy.,Yes,"Direct proxy for institutional health access, maternal supplementation, and prenatal monitoring."
m15,place of delivery,Maternal Healthcare,int8,Categorical code,None,10=HOME; 11=Respondent's home; 12=Other home; 13=Parents' Home; 20=PUBLIC SECTOR; ... (17 categories),96=Other,232920,0,candidate feature,"Place of delivery (11=Home, 20+=Public sector, 30+=Private sector).",Yes,Institutional delivery indicates access to sanitary birth environments and neonatal care.
v201,total children ever born,Maternal Characteristics,int8,Count,None,Continuous / Numerical,None,232920,0,candidate feature,Total number of children ever born to mother.,Yes,Parity and fertility pressure indicator influencing household dependency ratio.
v190,wealth index combined,Household Socioeconomic,int8,Quintile (1-5),None,1=Poorest; 2=Poorer; 3=Middle; 4=Richer; 5=Richest,None (1=Poorest to 5=Richest),232920,0,candidate feature,Household wealth index quintile constructed from asset ownership.,Yes,"Fundamental social determinant of health, food purchasing power, and living standard."
v025,type of place of residence,Household Socioeconomic,int8,Binary code,None,1=Urban; 2=Rural,"None (1=Urban, 2=Rural)",232920,0,candidate feature,Type of place of residence.,Yes,"Captures urban-rural infrastructure, sanitation, and health facility accessibility disparities."
v024,state,Geographic / Regional,int8,Categorical code,None,1=Jammu & Kashmir; 2=Himachal Pradesh; 3=Punjab; 4=Chandigarh; 5=Uttarakhand; ... (36 categories),None (1 to 37 Indian States/UTs),232920,0,candidate feature,State or Union Territory of residence in India.,Yes,"Crucial for capturing regional epidemiological gradients across India (e.g., northern vs southern states)."
sdist,district,Geographic / Regional,int16,Categorical code,None,1=Kupwara; 2=Badgam; 3=Leh(Ladakh); 4=Kargil; 5=Punch; ... (707 categories),None,232920,0,survey-design variable,District identification code within state.,No (High cardinality identifier),High-cardinality district identifier (>700 categories); better suited for spatial aggregation than raw tabular features.
s116,"belong to a scheduled caste, a scheduled tribe, other backward class",Social & Cultural,float64,Categorical code,None,1=Schedule caste; 2=Schedule tribe; 3=OBC; 4=None of them; 8=Don't know,8=Don't know,222237,10683,candidate feature,"Belonging to a Scheduled Caste (SC), Scheduled Tribe (ST), Other Backward Class (OBC), or None.",Yes,India-specific structural determinant reflecting systemic historical inequities in nutrition and healthcare access.
v130,religion,Social & Cultural,int8,Categorical code,None,1=Hindu; 2=Muslim; 3=Christian; 4=Sikh; 5=Buddhist / Neo-Buddhist; ... (10 categories),96=Other,232920,0,candidate feature,"Religion of household respondent (1=Hindu, 2=Muslim, 3=Christian, 4=Sikh, etc.).",Yes,"Sociocultural customs, fasting patterns, and dietary habits vary across religious communities."
v113,source of drinking water,Water & Sanitation,int8,Categorical code,None,10=PIPED WATER; 11=Piped into dwelling; 12=Piped to yard/plot; 13=Piped to neighbor; 14=Public tap/standpipe; ... (21 categories),"96=Other, 97=Not a de jure resident",232920,0,candidate feature,Main source of drinking water for household members.,Yes,Unimproved water sources directly drive waterborne diarrheal pathogens and environmental enteric dysfunction.
v116,type of toilet facility,Water & Sanitation,float64,Categorical code,None,10=FLUSH TOILET; 11=Flush to piped sewer system; 12=Flush to septic tank; 13=Flush to pit latrine; 14=Flush to somewhere else; ... (18 categories),"96=Other, 97=Not a de jure resident",232919,1,candidate feature,Type of toilet facility utilized by household.,Yes,"Open defecation and unimproved sanitation cause chronic intestinal inflammation, severely impeding nutrient absorption."
v119,household has: electricity,Household Environment,int8,Binary code,None,0=No; 1=Yes; 7=Not a dejure resident,7=Not a de jure resident,232920,0,candidate feature,Household has electricity connection.,Yes,"Proxy for modern infrastructure, refrigeration capability, and household standard of living."
v161,type of cooking fuel,Household Environment,int8,Categorical code,None,1=Electricity; 2=LPG; 3=Natural gas; 4=Biogas; 5=Kerosene; ... (14 categories),96=Other,232920,0,candidate feature,Type of cooking fuel utilized (biomass/wood vs LPG/electricity).,Yes,"Indoor air pollution from biomass fuel increases child respiratory infection risk, compounding nutritional failure."
v136,number of household members (listed),Household Demographics,int8,Count,None,Continuous / Numerical,None,232920,0,candidate feature,Number of usual household members listed in household schedule.,Yes,Household crowding and resource competition measure.
v151,sex of household head,Household Demographics,int8,Binary code,None,1=Male; 2=Female; 3=Transgender,"None (1=Male, 2=Female)",232920,0,candidate feature,Sex of head of household.,Yes,Female-headed households frequently reflect distinct expenditure allocations towards child nutrition and health.
v001,cluster number,Survey Design,int32,ID number,None,Continuous / Numerical,None,232920,0,identifier,Cluster number / Primary Sampling Unit (PSU).,No (Survey identifier),"Sampling unit identifier; used for survey clustering and spatial aggregation, never as a direct predictive feature."
v002,household number,Survey Design,int8,ID number,None,Continuous / Numerical,None,232920,0,identifier,Household number within cluster.,No (Identifier),Arbitrary survey administration ID.
v003,respondent's line number,Survey Design,int8,ID number,None,Continuous / Numerical,None,232920,0,identifier,Respondent's line number in household schedule.,No (Identifier),Arbitrary administrative line number.
v005,women's individual sample weight (6 decimals),Survey Design,int32,Probability Weight,"6 implied decimals (divide by 1,000,000)",Continuous / Numerical,None,232920,0,survey weight,Women's individual sample weight for adjusting non-response and unequal selection probabilities.,"No (Feature), Yes (Weighted Evaluation)",Survey sampling weight; must not be fed as an input feature to prevent model learning sampling artifacts.
v021,primary sampling unit,Survey Design,int32,PSU code,None,Continuous / Numerical,None,232920,0,survey-design variable,Primary sampling unit (PSU) code.,No,Survey complex variance estimation parameter.
v022,sample strata for sampling errors,Survey Design,int32,Stratum code,None,Continuous / Numerical,None,232920,0,survey-design variable,Sample strata for sampling errors.,No,Sampling strata identifier used in complex survey statistical analysis.
